{"cameraMode":{"drawMode":0,"name":"Shaded","section":"Shading Mode"},"sceneLighting":true,"audioPlay":false,"sceneViewState":{"m_AlwaysRefresh":false,"showFog":true,"showSkybox":true,"showFlares":true,"showImageEffects":true,"showParticleSystems":true,"showVisualEffectGraphs":true,"m_FxEnabled":true},"in2DMode":false,"pivot":{"x":0.021451950073242189,"y":3.176558017730713,"z":2.0761070251464845},"rotation":{"x":-0.11674989014863968,"y":0.31226980686187746,"z":-0.03870237246155739,"w":-0.9419993758201599},"size":6.790133476257324,"orthographic":false}